#{"t_start": 1540224009.4854765, "env_id": "MountainCar-v0"}
r,l,t
-200.0,200,0.799986
-200.0,200,0.917692
-3.0,3,0.919146
-200.0,200,1.019161
-3.0,3,1.02052
-3.0,3,1.021855
