#{"t_start": 1541179202.1694303, "env_id": "MiniGrid-Empty-16x16-v0"}
r,l,t
0,1024,1.342666
0,1024,1.885776
