#{"t_start": 1540175930.6831174, "env_id": "MountainCar-v0"}
r,l,t
-200.0,200,0.442102
-200.0,200,0.58602
-200.0,200,0.810303
-200.0,200,1.014768
-200.0,200,1.219862
