#{"t_start": 1541178251.714171, "env_id": "MiniGrid-Empty-16x16-v0"}
r,l,t
0,1024,2.4295
0,1024,3.800381
0,1024,5.598403
0,1024,6.88496
0,1024,7.991204
0,1024,9.183356
0,1024,10.418449
