#{"t_start": 1541179308.662231, "env_id": "MiniGrid-Empty-16x16-v0"}
r,l,t
0,1024,1.269855
0,1024,1.84695
