#{"t_start": 1540175922.6104136, "env_id": "MountainCar-v0"}
r,l,t
-200.0,200,0.453458
-200.0,200,0.669733
-200.0,200,0.814965
-200.0,200,1.023747
-200.0,200,1.227466
