#{"t_start": 1540180314.9617906, "env_id": "MountainCar-v0"}
r,l,t
-200.0,200,0.797777
-200.0,200,0.911299
-3.0,3,0.912709
-200.0,200,1.117014
-3.0,3,1.120687
-3.0,3,1.12452
