#{"t_start": 1540441581.1353972, "env_id": "MountainCar-v0"}
r,l,t
-200.0,200,0.486006
-200.0,200,0.590899
-5.0,5,0.593356
-4.0,4,0.595168
-4.0,4,0.597748
-5.0,5,0.599988
-5.0,5,0.602507
-5.0,5,0.605251
-5.0,5,0.607435
-4.0,4,0.609193
-5.0,5,0.611517
-4.0,4,0.613456
-5.0,5,0.615885
-4.0,4,0.617796
-5.0,5,0.62004
-5.0,5,0.622691
-5.0,5,0.625025
-5.0,5,0.627267
-5.0,5,0.62955
-5.0,5,0.631799
-5.0,5,0.634186
-5.0,5,0.636877
-5.0,5,0.644328
-200.0,200,0.741961
-200.0,200,0.840427
-200.0,200,1.107622
-200.0,200,1.390531
-200.0,200,1.678095
-200.0,200,1.963736
-200.0,200,2.248456
-200.0,200,2.535325
-200.0,200,2.813541
-200.0,200,3.082287
-200.0,200,3.37668
-200.0,200,3.659639
-200.0,200,3.946852
-200.0,200,4.232085
-200.0,200,4.517641
-200.0,200,4.804426
-200.0,200,5.09242
-200.0,200,5.377843
-200.0,200,5.665691
-200.0,200,5.951091
-200.0,200,6.237459
-200.0,200,6.520577
