#{"t_start": 1541084429.9927814, "env_id": "MountainCar-v0"}
r,l,t
-200.0,200,0.528046
-200.0,200,0.701317
-200.0,200,0.865062
-200.0,200,1.027538
-200.0,200,1.126242
-200.0,200,1.539758
-200.0,200,1.800345
-200.0,200,2.069422
-200.0,200,2.338136
-200.0,200,2.612773
-200.0,200,2.889944
-200.0,200,3.17048
-200.0,200,3.443153
-200.0,200,3.717752
-200.0,200,3.993881
-200.0,200,4.268165
-200.0,200,4.543189
